{"cameraMode":{"drawMode":0,"name":"Shaded","section":"Shading Mode"},"sceneLighting":true,"audioPlay":false,"sceneViewState":{"m_AlwaysRefresh":false,"showFog":true,"showSkybox":true,"showFlares":true,"showImageEffects":true,"showParticleSystems":true,"showVisualEffectGraphs":true,"m_FxEnabled":true},"in2DMode":false,"pivot":{"x":0.27727773785591128,"y":-5.663552284240723,"z":38.32881164550781},"rotation":{"x":0.10182081907987595,"y":0.006263611372560263,"z":-0.0006400746642611921,"w":0.9947863817214966},"size":23.948434829711915,"orthographic":false}