{"cameraMode":{"drawMode":0,"name":"Shaded","section":"Shading Mode"},"sceneLighting":true,"audioPlay":false,"sceneViewState":{"m_AlwaysRefresh":false,"showFog":true,"showSkybox":true,"showFlares":true,"showImageEffects":true,"showParticleSystems":true,"showVisualEffectGraphs":true,"m_FxEnabled":true},"in2DMode":false,"pivot":{"x":2.1507575511932375,"y":4.974295616149902,"z":-7.724884033203125},"rotation":{"x":0.4561622142791748,"y":0.03203250840306282,"z":-0.016414394602179529,"w":0.889192521572113},"size":1.2779918909072877,"orthographic":false}