{"cameraMode":{"drawMode":0,"name":"Shaded","section":"Shading Mode"},"sceneLighting":true,"audioPlay":false,"sceneViewState":{"m_AlwaysRefresh":false,"showFog":true,"showSkybox":true,"showFlares":true,"showImageEffects":true,"showParticleSystems":true,"showVisualEffectGraphs":true,"m_FxEnabled":true},"in2DMode":false,"pivot":{"x":-1.1550142765045167,"y":-0.20173870027065278,"z":-1.8216842412948609},"rotation":{"x":0.055438581854104999,"y":-0.03443995118141174,"z":0.0019132132874801756,"w":0.9978662729263306},"size":1.026196837425232,"orthographic":false}